DESTINATION_AIRPORT,destination_delay_rate
10135,0.13768115942028986
10136,0.06896551724137931
10140,0.12132701421800948
10141,0.13157894736842105
10146,0.2549019607843137
10154,0.18518518518518517
10155,0.03488372093023256
10157,0.23880597014925373
10158,0.18181818181818182
10165,0.16666666666666666
10170,0.1875
10185,0.12048192771084337
10208,0.12030075187969924
10257,0.13647058823529412
10268,0.030303030303030304
10279,0.08743169398907104
10299,0.1506276150627615
10333,0.1
10372,0.07692307692307693
10397,0.09610444083259058
10408,0.12422360248447205
10423,0.11353898886032562
10431,0.20833333333333334
10434,0.13636363636363635
10469,0.07042253521126761
10529,0.13420787083753785
10551,0.08333333333333333
10561,0.1308411214953271
10577,0.1388888888888889
10581,0.26666666666666666
10599,0.11808669656203288
10620,0.05844155844155844
10627,0.105
10631,0.1111111111111111
10685,0.07971014492753623
10693,0.11473522640061397
10713,0.1415929203539823
10721,0.16147596479350035
10728,0.0784313725490196
10731,0.21568627450980393
10732,0.2909090909090909
10739,0.1
10747,0.034782608695652174
10754,0.06521739130434782
10779,0.05714285714285714
10781,0.12368421052631579
10785,0.1722488038277512
10792,0.13275299238302501
10800,0.12192723697148476
10821,0.12150537634408602
10849,0.09547738693467336
10868,0.12236286919831224
10874,0.1282051282051282
10918,0.03333333333333333
10926,0.1111111111111111
10980,0.12757201646090535
10990,0.14492753623188406
10994,0.16973125884016974
11003,0.0924092409240924
11013,0.09090909090909091
11042,0.1255387931034483
11049,0.06976744186046512
11057,0.12734826589595374
11066,0.10282574568288853
11067,0.03333333333333333
11076,0.11428571428571428
11097,0.05555555555555555
11109,0.17366946778711484
11111,0.09859154929577464
11122,0.0759493670886076
11140,0.08374384236453201
11146,0.11538461538461539
11150,0.24615384615384617
11193,0.11964285714285715
11203,0.09523809523809523
11252,0.043478260869565216
11259,0.0904581266413773
11267,0.12072892938496584
11274,0.09803921568627451
11278,0.14391426384281705
11292,0.12857142857142856
11298,0.07876149802890933
11308,0.11594202898550725
11315,0.0
11337,0.14393939393939395
11413,0.11818181818181818
11423,0.10256410256410256
11433,0.10483321987746766
11447,0.10714285714285714
11471,0.3333333333333333
11481,0.06422018348623854
11503,0.0
11525,0.06666666666666667
11537,0.14912280701754385
11540,0.11336717428087986
11577,0.18181818181818182
11587,0.034482758620689655
11603,0.12307692307692308
11612,0.08733624454148471
11617,0.15625
11618,0.18130569194398982
11624,0.09302325581395349
11630,0.1568627450980392
11637,0.12459016393442623
11638,0.1
11641,0.09195402298850575
11648,0.07142857142857142
11695,0.2717391304347826
11697,0.1749776052553001
11721,0.11666666666666667
11775,0.10687022900763359
11778,0.10476190476190476
11823,0.07407407407407407
11865,0.09803921568627451
11867,0.0
11884,0.12033195020746888
11898,0.05660377358490566
11905,0.02857142857142857
11921,0.09554140127388536
11953,0.13333333333333333
11973,0.08695652173913043
11977,0.15140845070422534
11980,0.06060606060606061
11982,0.0514018691588785
11986,0.13686131386861314
11995,0.1239193083573487
11996,0.09523809523809523
12003,0.07079646017699115
12007,0.11764705882352941
12016,0.0
12094,0.2
12129,0.14893617021276595
12156,0.12048192771084337
12173,0.14560439560439561
12177,0.0967741935483871
12191,0.08321114369501466
12197,0.19902912621359223
12206,0.09696969696969697
12217,0.07929515418502203
12255,0.06666666666666667
12264,0.12947189097103917
12265,0.15384615384615385
12266,0.09393859879296773
12278,0.08684863523573201
12280,0.07692307692307693
12323,0.1746031746031746
12335,0.06060606060606061
12339,0.11884057971014493
12343,0.10344827586206896
12389,0.10317460317460317
12391,0.1509433962264151
12402,0.0410958904109589
12441,0.08421052631578947
12448,0.08157894736842106
12451,0.14754098360655737
12478,0.20583435332517339
12511,0.058823529411764705
12519,0.11904761904761904
12523,0.18229166666666666
12758,0.10088495575221239
12819,0.1792452830188679
12884,0.13953488372093023
12888,0.1111111111111111
12889,0.15761016490943497
12891,0.0273972602739726
12892,0.13907668533899942
12896,0.18253968253968253
12898,0.19117647058823528
12915,0.061946902654867256
12945,0.11884057971014493
12951,0.10196078431372549
12953,0.1609077898180331
12954,0.17685589519650655
12982,0.1375968992248062
12992,0.07201309328968904
13029,0.14534883720930233
13061,0.11965811965811966
13076,0.0625
13127,0.0
13158,0.09943181818181818
13184,0.15
13198,0.13230323515210043
13204,0.1381553769613471
13230,0.08641975308641975
13232,0.08838155515370705
13241,0.08333333333333333
13244,0.10449438202247191
13256,0.050724637681159424
13264,0.12056737588652482
13277,0.1
13290,0.022727272727272728
13296,0.14414414414414414
13303,0.12937771345875543
13342,0.11140235910878113
13344,0.19444444444444445
13360,0.07246376811594203
13367,0.10344827586206896
13377,0.08695652173913043
13422,0.09881422924901186
13433,0.09848484848484848
13459,0.0
13476,0.20588235294117646
13485,0.09292929292929293
13486,0.06
13487,0.10078765471789101
13495,0.1014018691588785
13541,0.0
13577,0.13945578231292516
13795,0.16666666666666666
13796,0.11855670103092783
13830,0.11195445920303605
13851,0.13354037267080746
13871,0.12485811577752554
13873,0.1935483870967742
13891,0.13762376237623763
13930,0.11344773790951639
13931,0.12849162011173185
13933,0.08823529411764706
13964,0.4782608695652174
13970,0.08823529411764706
14006,0.14705882352941177
14025,0.2857142857142857
14027,0.17272727272727273
14057,0.1027190332326284
14098,0.16666666666666666
14100,0.16880159407913464
14107,0.12466702184336707
14108,0.09854014598540146
14109,0.1
14113,0.030303030303030304
14122,0.10780370072405471
14150,0.08333333333333333
14193,0.10071942446043165
14222,0.2
14252,0.09917355371900827
14254,0.19444444444444445
14256,0.2
14262,0.13672922252010725
14307,0.14330708661417324
14321,0.17204301075268819
14457,0.0661764705882353
14487,0.3055555555555556
14489,0.17391304347826086
14492,0.1377347751849744
14520,0.0392156862745098
14524,0.14672216441207075
14543,0.0967741935483871
14570,0.14285714285714285
14574,0.12878787878787878
14576,0.1405152224824356
14588,0.07407407407407407
14633,0.056074766355140186
14635,0.113
14674,0.07407407407407407
14679,0.11233784156776153
14683,0.10592105263157894
14685,0.11928934010152284
14689,0.16463414634146342
14696,0.12757201646090535
14698,0.2
14709,0.0851063829787234
14711,0.16666666666666666
14730,0.09730848861283643
14747,0.136889035667107
14771,0.15931253047294003
14783,0.07894736842105263
14794,0.12931034482758622
14814,0.1069182389937107
14828,0.16981132075471697
14831,0.09906357811729916
14842,0.03488372093023256
14843,0.16266173752310537
14869,0.07614213197969544
14893,0.12428571428571429
14905,0.14285714285714285
14908,0.0938875305623472
14952,0.16091954022988506
14960,0.04225352112676056
14986,0.08888888888888889
15016,0.10103833865814696
15024,0.19852941176470587
15027,0.075
15041,0.05714285714285714
15048,0.030303030303030304
15070,0.3142857142857143
15096,0.13333333333333333
15249,0.09815950920245399
15295,0.0
15304,0.12562814070351758
15323,0.06315789473684211
15356,0.12422360248447205
15370,0.110397946084724
15376,0.12384716732542819
15380,0.13953488372093023
15389,0.0392156862745098
15401,0.1
15411,0.0916030534351145
15412,0.12637362637362637
15497,0.125
15607,0.1568627450980392
15624,0.07377049180327869
15841,0.17142857142857143
15919,0.12316176470588236
15991,0.08333333333333333
16218,0.12745098039215685
ABE,0.19533369506239825
ABI,0.2043360433604336
ABQ,0.20490034277009014
ABR,0.10467289719626169
ABY,0.2073342736248237
ACK,0.19096509240246407
ACT,0.2501998401278977
ACV,0.23823529411764705
ACY,0.2669820885434268
ADK,0.10526315789473684
ADQ,0.10732984293193717
AEX,0.21195219123505976
AGS,0.18779342723004694
AKN,0.15873015873015872
ALB,0.21828103683492497
ALO,0.23430962343096234
AMA,0.2058165548098434
ANC,0.17749627421758568
APN,0.1492204899777283
ASE,0.2893347412882788
ATL,0.1510516523937341
ATW,0.17247386759581881
AUS,0.20522001597964076
AVL,0.1809023215067893
AVP,0.2688679245283019
AZO,0.18800888230940044
BDL,0.21818667378822273
BET,0.11080711354309165
BFL,0.19099014547160958
BGM,0.1488095238095238
BGR,0.14332247557003258
BHM,0.19746412423825438
BIL,0.1551650235747964
BIS,0.20092625578909867
BJI,0.08823529411764706
BLI,0.111328125
BMI,0.23697556477639464
BNA,0.18692717770949868
BOI,0.2013677811550152
BOS,0.226009765782821
BPT,0.3063660477453581
BQK,0.17755681818181818
BQN,0.2851817334575955
BRD,0.08091286307053942
BRO,0.1931578947368421
BRW,0.1664167916041979
BTM,0.04150943396226415
BTR,0.22901824500434406
BTV,0.2435121107266436
BUF,0.2124390604225144
BUR,0.16112869198312235
BWI,0.18840854690875125
BZN,0.1588785046728972
CAE,0.21737055595323312
CAK,0.19254032258064516
CDC,0.11373390557939914
CDV,0.13382899628252787
CEC,0.22285714285714286
CHA,0.1976882039122703
CHO,0.25072886297376096
CHS,0.18633540372670807
CID,0.22847445516255804
CIU,0.17219917012448133
CLD,0.14696485623003194
CLE,0.20381938247367481
CLL,0.17379233759022766
CLT,0.16072138314785372
CMH,0.2116364010494367
CMI,0.2175
CMX,0.20874751491053678
CNY,0.03414634146341464
COD,0.15344827586206897
COS,0.2456927494615937
COU,0.2889324191968658
CPR,0.12714097496706192
CRP,0.23653512037726482
CRW,0.2220472440944882
CSG,0.20838052095130238
CVG,0.20876479289940827
CWA,0.2301293900184843
DAB,0.1495176848874598
DAL,0.18174312509261809
DAY,0.2009712898157406
DBQ,0.21518987341772153
DCA,0.19500263287526964
DEN,0.19757889095551842
DFW,0.19697268462783843
DHN,0.1848574237954769
DIK,0.12572759022118743
DLG,0.05194805194805195
DLH,0.1676923076923077
DRO,0.1656769596199525
DSM,0.23383084577114427
DTW,0.173974540311174
DVL,0.17435897435897435
EAU,0.21880998080614203
ECP,0.16724237190558433
EGE,0.20948616600790515
EKO,0.07259953161592506
ELM,0.22424242424242424
ELP,0.22250639386189258
ERI,0.1986644407345576
ESC,0.1419068736141907
EUG,0.1736506872276232
EVV,0.18876703223662347
EWN,0.2363238512035011
EWR,0.22150548430009287
EYW,0.14539682539682539
FAI,0.18619934282584885
FAR,0.1984682713347921
FAT,0.2023666609500943
FAY,0.16730621642363777
FCA,0.14801864801864803
FLG,0.16603198781416603
FLL,0.2169412650344745
FNT,0.1934976402726796
FSD,0.23572241183162684
FSM,0.24539097266369994
FWA,0.20062320230105465
GCC,0.1211372064276885
GCK,0.2153846153846154
GEG,0.16172680412371135
GFK,0.11270491803278689
GGG,0.18762475049900199
GJT,0.1503672207189795
GNV,0.2257471264367816
GPT,0.19185852519185853
GRB,0.1830843251456065
GRI,0.17303822937625754
GRK,0.20738900962434026
GRR,0.20313380678615714
GSO,0.21428571428571427
GSP,0.20112055641421947
GST,0.25675675675675674
GTF,0.11616472034419176
GTR,0.17904509283819628
GUC,0.27790973871733965
GUM,0.337037037037037
HDN,0.20318021201413428
HIB,0.1034965034965035
HLN,0.10512820512820513
HNL,0.17931974334222928
HOB,0.17002237136465326
HOU,0.1905607835605915
HPN,0.24269055264492143
HRL,0.1708299758259468
HSV,0.1814505257481801
HYA,0.14814814814814814
HYS,0.1475054229934924
IAD,0.19743127056575735
IAG,0.27058823529411763
IAH,0.19879147976401876
ICT,0.22064933066625636
IDA,0.1401308615049073
ILG,0.3157894736842105
ILM,0.158004158004158
IMT,0.108
IND,0.19511471518987342
INL,0.11637931034482758
ISN,0.1600189933523267
ISP,0.23123556581986143
ITH,0.2
ITO,0.09663776696976105
JAC,0.1970310391363023
JAN,0.19332748024582969
JAX,0.20735507999168917
JFK,0.22525651352886025
JLN,0.255278310940499
JMS,0.18006430868167203
JNU,0.15353061822443598
KOA,0.118487028558971
KTN,0.17546583850931677
LAN,0.17350611951043918
LAR,0.1337719298245614
LAS,0.1837237863943191
LAW,0.22156862745098038
LAX,0.22678849927051367
LBB,0.2242275088870659
LBE,0.2661668228678538
LCH,0.1803840877914952
LEX,0.18015612161051767
LFT,0.1918906176331919
LGA,0.2725376681160886
LGB,0.15183028286189684
LIH,0.11142126075831589
LIT,0.22343324250681199
LNK,0.20748460445286593
LRD,0.17643710870802504
LSE,0.17014446227929375
LWS,0.035864978902953586
MAF,0.22216898259064047
MBS,0.20188133140376266
MCI,0.20144367434284072
MCO,0.2104228011418553
MDT,0.1870748299319728
MDW,0.18031123139377536
MEI,0.20136986301369864
MEM,0.2063102689900186
MFE,0.20900653145410794
MFR,0.17641077783426537
MGM,0.22820109976433622
MHK,0.209992193598751
MHT,0.22162698412698412
MIA,0.2117649164250689
MKE,0.1863602298276293
MKG,0.21031746031746032
MLB,0.15363385464581417
MLI,0.23472041612483746
MLU,0.20067739204064353
MMH,0.2
MOB,0.20214624407287246
MOT,0.18218898708361658
MQT,0.3173913043478261
MRY,0.19514237855946398
MSN,0.18838431478237436
MSO,0.11794871794871795
MSP,0.17071148874903197
MSY,0.18693557136930786
MTJ,0.2243667068757539
MVY,0.1902439024390244
MYR,0.21261904761904762
OAJ,0.20915032679738563
OAK,0.1838789448893076
OGG,0.14681308188111722
OKC,0.220717565569305
OMA,0.19798608026062492
OME,0.18007662835249041
ONT,0.20544672718585763
ORD,0.22409364790967645
ORF,0.20490814000268204
ORH,0.13127413127413126
OTH,0.296137339055794
OTZ,0.1534090909090909
PAH,0.2174757281553398
PBG,0.33185840707964603
PBI,0.23347398030942335
PDX,0.1594267801164353
PHF,0.20136186770428016
PHL,0.2116497145233864
PHX,0.16719688050566536
PIA,0.1816427783902977
PIB,0.24017467248908297
PIH,0.06457564575645756
PIT,0.1936853955582847
PLN,0.16830065359477125
PNS,0.1927359007118087
PPG,0.10227272727272728
PSC,0.1625615763546798
PSE,0.2593220338983051
PSG,0.2100371747211896
PSP,0.18046472798107693
PUB,0.14901960784313725
PVD,0.21432697862507222
PWM,0.2146832759077657
RAP,0.17848055252635406
RDD,0.23737373737373738
RDM,0.1526407428903076
RDU,0.20693306144857065
RHI,0.10635538261997406
RIC,0.21657512910894336
RKS,0.13285457809694792
RNO,0.18763878608438195
ROA,0.18976897689768976
ROC,0.20723179259764626
ROW,0.20969855832241152
RST,0.19419237749546278
RSW,0.19601652815822462
SAF,0.19405320813771518
SAN,0.18499398294295133
SAT,0.2154526470949515
SAV,0.19372574385510996
SBA,0.1716764171878152
SBN,0.20819397993311037
SBP,0.16022727272727272
SCC,0.1262848751835536
SCE,0.24274406332453827
SDF,0.19627873039036847
SEA,0.16063157894736843
SFO,0.22205729803580918
SGF,0.23645122440786834
SGU,0.13365650969529086
SHV,0.2202934490597231
SIT,0.16100957354221063
SJC,0.1786126796714579
SJT,0.19763779527559056
SJU,0.21835876121445588
SLC,0.12366619689953694
SMF,0.19389062243389718
SMX,0.16111111111111112
SNA,0.14856203228296253
SPI,0.23713826366559485
SPS,0.20983935742971888
SRQ,0.1637448713166729
STC,0.38961038961038963
STL,0.18782007285782165
STT,0.19932527410739387
STX,0.21566110397946084
SUN,0.1675603217158177
SUX,0.24691358024691357
SWF,0.2007168458781362
SYR,0.2259190321079572
TLH,0.19004180919802358
TOL,0.16846361185983827
TPA,0.19865555361271395
TRI,0.15699873896595207
TTN,0.3091072229699417
TUL,0.20919842312746387
TUS,0.203750509580106
TVC,0.17089160839160839
TWF,0.07938931297709924
TXK,0.16378162450066577
TYR,0.22105843439911796
TYS,0.24676933970614268
UST,0.2920353982300885
VEL,0.04060913705583756
VLD,0.20132450331125828
VPS,0.1963516594882189
WRG,0.22201492537313433
WYS,0.09178743961352658
XNA,0.24499664204163868
YAK,0.15700934579439252
YUM,0.12614980289093297
